{
	"name": "Rust",
	"image": "mcr.microsoft.com/devcontainers/rust:1-buster"

	// Features to add to the dev container. More info: https://containers.dev/implementors/features.
	// "features": {},

	// Use 'forwardPorts' to make a list of ports inside the container available locally.
	// "forwardPorts": [],

	// Use 'postCreateCommand' to run commands after the container is created.
	// "postCreateCommand": "rustc --version",

	// Configure tool-specific properties.
	// "customizations": {},

	// Uncomment to connect as root instead. More info: https://aka.ms/dev-containers-non-root.
	// "remoteUser": "root"
}
